feature,type,psi,psi_severity,test_stat,p_value,drifted,scenario,seed
tenure,numeric,0.0149,no_significant_drift,0.0325,0.5085,False,S0,0
MonthlyCharges,numeric,0.0184,no_significant_drift,0.0409,0.2368,False,S0,0
TotalCharges,numeric,0.0146,no_significant_drift,0.0383,0.3073,False,S0,0
SeniorCitizen,numeric,0.0005,no_significant_drift,0.008,1.0,False,S0,0
gender,categorical,0.0004,no_significant_drift,0.1931,0.6603,False,S0,0
Partner,categorical,0.0025,no_significant_drift,1.4497,0.2286,False,S0,0
Dependents,categorical,0.0,no_significant_drift,0.0152,0.9019,False,S0,0
PhoneService,categorical,0.0018,no_significant_drift,0.9795,0.3223,False,S0,0
MultipleLines,categorical,0.0094,no_significant_drift,5.8662,0.0532,False,S0,0
InternetService,categorical,0.1274,moderate_drift,2.589,0.274,True,S0,0
OnlineSecurity,categorical,0.0272,no_significant_drift,3.3998,0.1827,False,S0,0
OnlineBackup,categorical,0.1196,moderate_drift,2.4864,0.2885,True,S0,0
DeviceProtection,categorical,0.1064,moderate_drift,2.556,0.2786,True,S0,0
TechSupport,categorical,0.0385,no_significant_drift,3.3182,0.1903,False,S0,0
StreamingTV,categorical,0.007,no_significant_drift,2.8678,0.2384,False,S0,0
StreamingMovies,categorical,0.2017,moderate_drift,2.8504,0.2405,True,S0,0
Contract,categorical,0.0029,no_significant_drift,1.7808,0.4105,False,S0,0
PaperlessBilling,categorical,0.0001,no_significant_drift,0.0325,0.8569,False,S0,0
PaymentMethod,categorical,0.0053,no_significant_drift,2.5318,0.4696,False,S0,0
tenure,numeric,0.0149,no_significant_drift,0.0325,0.5085,False,S1,0
MonthlyCharges,numeric,2.7033,significant_drift,0.3778,0.0,True,S1,0
TotalCharges,numeric,0.0146,no_significant_drift,0.0383,0.3073,False,S1,0
SeniorCitizen,numeric,0.0005,no_significant_drift,0.008,1.0,False,S1,0
gender,categorical,0.0004,no_significant_drift,0.1931,0.6603,False,S1,0
Partner,categorical,0.0025,no_significant_drift,1.4497,0.2286,False,S1,0
Dependents,categorical,0.0,no_significant_drift,0.0152,0.9019,False,S1,0
PhoneService,categorical,0.0018,no_significant_drift,0.9795,0.3223,False,S1,0
MultipleLines,categorical,0.0094,no_significant_drift,5.8662,0.0532,False,S1,0
InternetService,categorical,0.1274,moderate_drift,2.589,0.274,True,S1,0
OnlineSecurity,categorical,0.0272,no_significant_drift,3.3998,0.1827,False,S1,0
OnlineBackup,categorical,0.1196,moderate_drift,2.4864,0.2885,True,S1,0
DeviceProtection,categorical,0.1064,moderate_drift,2.556,0.2786,True,S1,0
TechSupport,categorical,0.0385,no_significant_drift,3.3182,0.1903,False,S1,0
StreamingTV,categorical,0.007,no_significant_drift,2.8678,0.2384,False,S1,0
StreamingMovies,categorical,0.2017,moderate_drift,2.8504,0.2405,True,S1,0
Contract,categorical,0.0029,no_significant_drift,1.7808,0.4105,False,S1,0
PaperlessBilling,categorical,0.0001,no_significant_drift,0.0325,0.8569,False,S1,0
PaymentMethod,categorical,0.0053,no_significant_drift,2.5318,0.4696,False,S1,0
tenure,numeric,0.0149,no_significant_drift,0.0325,0.5085,False,S2,0
MonthlyCharges,numeric,0.0184,no_significant_drift,0.0409,0.2368,False,S2,0
TotalCharges,numeric,0.0146,no_significant_drift,0.0383,0.3073,False,S2,0
SeniorCitizen,numeric,0.2153,moderate_drift,0.2007,0.0,True,S2,0
gender,categorical,0.0004,no_significant_drift,0.1931,0.6603,False,S2,0
Partner,categorical,0.0025,no_significant_drift,1.4497,0.2286,False,S2,0
Dependents,categorical,0.0,no_significant_drift,0.0152,0.9019,False,S2,0
PhoneService,categorical,0.0018,no_significant_drift,0.9795,0.3223,False,S2,0
MultipleLines,categorical,0.0094,no_significant_drift,5.8662,0.0532,False,S2,0
InternetService,categorical,0.1274,moderate_drift,2.589,0.274,True,S2,0
OnlineSecurity,categorical,0.0272,no_significant_drift,3.3998,0.1827,False,S2,0
OnlineBackup,categorical,0.1196,moderate_drift,2.4864,0.2885,True,S2,0
DeviceProtection,categorical,0.1064,moderate_drift,2.556,0.2786,True,S2,0
TechSupport,categorical,0.0385,no_significant_drift,3.3182,0.1903,False,S2,0
StreamingTV,categorical,0.007,no_significant_drift,2.8678,0.2384,False,S2,0
StreamingMovies,categorical,0.2017,moderate_drift,2.8504,0.2405,True,S2,0
Contract,categorical,0.0029,no_significant_drift,1.7808,0.4105,False,S2,0
PaperlessBilling,categorical,0.0001,no_significant_drift,0.0325,0.8569,False,S2,0
PaymentMethod,categorical,0.0053,no_significant_drift,2.5318,0.4696,False,S2,0
tenure,numeric,0.0166,no_significant_drift,0.0375,0.3333,False,S0,1
MonthlyCharges,numeric,0.0194,no_significant_drift,0.0401,0.2592,False,S0,1
TotalCharges,numeric,0.0145,no_significant_drift,0.0411,0.234,False,S0,1
SeniorCitizen,numeric,0.0,no_significant_drift,0.0018,1.0,False,S0,1
gender,categorical,0.0001,no_significant_drift,0.1361,0.7122,False,S0,1
Partner,categorical,0.0017,no_significant_drift,0.9637,0.3263,False,S0,1
Dependents,categorical,0.0,no_significant_drift,0.0152,0.9019,False,S0,1
PhoneService,categorical,0.0006,no_significant_drift,0.2861,0.5927,False,S0,1
MultipleLines,categorical,0.0115,no_significant_drift,7.1951,0.0274,True,S0,1
InternetService,categorical,0.1294,moderate_drift,2.0719,0.3549,True,S0,1
OnlineSecurity,categorical,0.0349,no_significant_drift,1.8839,0.3899,False,S0,1
OnlineBackup,categorical,0.1213,moderate_drift,1.839,0.3987,True,S0,1
DeviceProtection,categorical,0.1134,moderate_drift,1.8519,0.3962,True,S0,1
TechSupport,categorical,0.0432,no_significant_drift,2.8867,0.2361,False,S0,1
StreamingTV,categorical,0.0067,no_significant_drift,1.9151,0.3838,False,S0,1
StreamingMovies,categorical,0.2114,moderate_drift,1.744,0.4181,True,S0,1
Contract,categorical,0.007,no_significant_drift,4.3351,0.1145,False,S0,1
PaperlessBilling,categorical,0.0002,no_significant_drift,0.0998,0.752,False,S0,1
PaymentMethod,categorical,0.0027,no_significant_drift,1.6682,0.644,False,S0,1
tenure,numeric,0.0166,no_significant_drift,0.0375,0.3333,False,S1,1
MonthlyCharges,numeric,2.5467,significant_drift,0.3846,0.0,True,S1,1
TotalCharges,numeric,0.0145,no_significant_drift,0.0411,0.234,False,S1,1
SeniorCitizen,numeric,0.0,no_significant_drift,0.0018,1.0,False,S1,1
gender,categorical,0.0001,no_significant_drift,0.1361,0.7122,False,S1,1
Partner,categorical,0.0017,no_significant_drift,0.9637,0.3263,False,S1,1
Dependents,categorical,0.0,no_significant_drift,0.0152,0.9019,False,S1,1
PhoneService,categorical,0.0006,no_significant_drift,0.2861,0.5927,False,S1,1
MultipleLines,categorical,0.0115,no_significant_drift,7.1951,0.0274,True,S1,1
InternetService,categorical,0.1294,moderate_drift,2.0719,0.3549,True,S1,1
OnlineSecurity,categorical,0.0349,no_significant_drift,1.8839,0.3899,False,S1,1
OnlineBackup,categorical,0.1213,moderate_drift,1.839,0.3987,True,S1,1
DeviceProtection,categorical,0.1134,moderate_drift,1.8519,0.3962,True,S1,1
TechSupport,categorical,0.0432,no_significant_drift,2.8867,0.2361,False,S1,1
StreamingTV,categorical,0.0067,no_significant_drift,1.9151,0.3838,False,S1,1
StreamingMovies,categorical,0.2114,moderate_drift,1.744,0.4181,True,S1,1
Contract,categorical,0.007,no_significant_drift,4.3351,0.1145,False,S1,1
PaperlessBilling,categorical,0.0002,no_significant_drift,0.0998,0.752,False,S1,1
PaymentMethod,categorical,0.0027,no_significant_drift,1.6682,0.644,False,S1,1
tenure,numeric,0.0166,no_significant_drift,0.0375,0.3333,False,S2,1
MonthlyCharges,numeric,0.0194,no_significant_drift,0.0401,0.2592,False,S2,1
TotalCharges,numeric,0.0145,no_significant_drift,0.0411,0.234,False,S2,1
SeniorCitizen,numeric,0.2205,moderate_drift,0.2034,0.0,True,S2,1
gender,categorical,0.0001,no_significant_drift,0.1361,0.7122,False,S2,1
Partner,categorical,0.0017,no_significant_drift,0.9637,0.3263,False,S2,1
Dependents,categorical,0.0,no_significant_drift,0.0152,0.9019,False,S2,1
PhoneService,categorical,0.0006,no_significant_drift,0.2861,0.5927,False,S2,1
MultipleLines,categorical,0.0115,no_significant_drift,7.1951,0.0274,True,S2,1
InternetService,categorical,0.1294,moderate_drift,2.0719,0.3549,True,S2,1
OnlineSecurity,categorical,0.0349,no_significant_drift,1.8839,0.3899,False,S2,1
OnlineBackup,categorical,0.1213,moderate_drift,1.839,0.3987,True,S2,1
DeviceProtection,categorical,0.1134,moderate_drift,1.8519,0.3962,True,S2,1
TechSupport,categorical,0.0432,no_significant_drift,2.8867,0.2361,False,S2,1
StreamingTV,categorical,0.0067,no_significant_drift,1.9151,0.3838,False,S2,1
StreamingMovies,categorical,0.2114,moderate_drift,1.744,0.4181,True,S2,1
Contract,categorical,0.007,no_significant_drift,4.3351,0.1145,False,S2,1
PaperlessBilling,categorical,0.0002,no_significant_drift,0.0998,0.752,False,S2,1
PaymentMethod,categorical,0.0027,no_significant_drift,1.6682,0.644,False,S2,1
tenure,numeric,0.0103,no_significant_drift,0.0268,0.7462,False,S0,2
MonthlyCharges,numeric,0.0201,no_significant_drift,0.0383,0.3092,False,S0,2
TotalCharges,numeric,0.0085,no_significant_drift,0.0308,0.5806,False,S0,2
SeniorCitizen,numeric,0.0005,no_significant_drift,0.008,1.0,False,S0,2
gender,categorical,0.0001,no_significant_drift,0.0472,0.828,False,S0,2
Partner,categorical,0.0018,no_significant_drift,1.053,0.3048,False,S0,2
Dependents,categorical,0.0001,no_significant_drift,0.0295,0.8637,False,S0,2
PhoneService,categorical,0.0021,no_significant_drift,1.1374,0.2862,False,S0,2
MultipleLines,categorical,0.024,no_significant_drift,6.9846,0.0304,True,S0,2
InternetService,categorical,0.1174,moderate_drift,3.4705,0.1764,True,S0,2
OnlineSecurity,categorical,0.0281,no_significant_drift,3.15,0.207,False,S0,2
OnlineBackup,categorical,0.0543,no_significant_drift,2.3513,0.3086,False,S0,2
DeviceProtection,categorical,0.2521,significant_drift,2.4496,0.2938,True,S0,2
TechSupport,categorical,0.034,no_significant_drift,2.3632,0.3068,False,S0,2
StreamingTV,categorical,0.0045,no_significant_drift,2.8425,0.2414,False,S0,2
StreamingMovies,categorical,0.2109,moderate_drift,2.1583,0.3399,True,S0,2
Contract,categorical,0.0012,no_significant_drift,0.7465,0.6885,False,S0,2
PaperlessBilling,categorical,0.0,no_significant_drift,0.0183,0.8925,False,S0,2
PaymentMethod,categorical,0.1394,moderate_drift,3.1037,0.3759,True,S0,2
tenure,numeric,0.0103,no_significant_drift,0.0268,0.7462,False,S1,2
MonthlyCharges,numeric,2.7367,significant_drift,0.3874,0.0,True,S1,2
TotalCharges,numeric,0.0085,no_significant_drift,0.0308,0.5806,False,S1,2
SeniorCitizen,numeric,0.0005,no_significant_drift,0.008,1.0,False,S1,2
gender,categorical,0.0001,no_significant_drift,0.0472,0.828,False,S1,2
Partner,categorical,0.0018,no_significant_drift,1.053,0.3048,False,S1,2
Dependents,categorical,0.0001,no_significant_drift,0.0295,0.8637,False,S1,2
PhoneService,categorical,0.0021,no_significant_drift,1.1374,0.2862,False,S1,2
MultipleLines,categorical,0.024,no_significant_drift,6.9846,0.0304,True,S1,2
InternetService,categorical,0.1174,moderate_drift,3.4705,0.1764,True,S1,2
OnlineSecurity,categorical,0.0281,no_significant_drift,3.15,0.207,False,S1,2
OnlineBackup,categorical,0.0543,no_significant_drift,2.3513,0.3086,False,S1,2
DeviceProtection,categorical,0.2521,significant_drift,2.4496,0.2938,True,S1,2
TechSupport,categorical,0.034,no_significant_drift,2.3632,0.3068,False,S1,2
StreamingTV,categorical,0.0045,no_significant_drift,2.8425,0.2414,False,S1,2
StreamingMovies,categorical,0.2109,moderate_drift,2.1583,0.3399,True,S1,2
Contract,categorical,0.0012,no_significant_drift,0.7465,0.6885,False,S1,2
PaperlessBilling,categorical,0.0,no_significant_drift,0.0183,0.8925,False,S1,2
PaymentMethod,categorical,0.1394,moderate_drift,3.1037,0.3759,True,S1,2
tenure,numeric,0.0103,no_significant_drift,0.0268,0.7462,False,S2,2
MonthlyCharges,numeric,0.0201,no_significant_drift,0.0383,0.3092,False,S2,2
TotalCharges,numeric,0.0085,no_significant_drift,0.0308,0.5806,False,S2,2
SeniorCitizen,numeric,0.24,moderate_drift,0.2131,0.0,True,S2,2
gender,categorical,0.0001,no_significant_drift,0.0472,0.828,False,S2,2
Partner,categorical,0.0018,no_significant_drift,1.053,0.3048,False,S2,2
Dependents,categorical,0.0001,no_significant_drift,0.0295,0.8637,False,S2,2
PhoneService,categorical,0.0021,no_significant_drift,1.1374,0.2862,False,S2,2
MultipleLines,categorical,0.024,no_significant_drift,6.9846,0.0304,True,S2,2
InternetService,categorical,0.1174,moderate_drift,3.4705,0.1764,True,S2,2
OnlineSecurity,categorical,0.0281,no_significant_drift,3.15,0.207,False,S2,2
OnlineBackup,categorical,0.0543,no_significant_drift,2.3513,0.3086,False,S2,2
DeviceProtection,categorical,0.2521,significant_drift,2.4496,0.2938,True,S2,2
TechSupport,categorical,0.034,no_significant_drift,2.3632,0.3068,False,S2,2
StreamingTV,categorical,0.0045,no_significant_drift,2.8425,0.2414,False,S2,2
StreamingMovies,categorical,0.2109,moderate_drift,2.1583,0.3399,True,S2,2
Contract,categorical,0.0012,no_significant_drift,0.7465,0.6885,False,S2,2
PaperlessBilling,categorical,0.0,no_significant_drift,0.0183,0.8925,False,S2,2
PaymentMethod,categorical,0.1394,moderate_drift,3.1037,0.3759,True,S2,2
tenure,numeric,0.01,no_significant_drift,0.0286,0.6723,False,S0,3
MonthlyCharges,numeric,0.022,no_significant_drift,0.0409,0.2368,False,S0,3
TotalCharges,numeric,0.0133,no_significant_drift,0.029,0.6552,False,S0,3
SeniorCitizen,numeric,0.0004,no_significant_drift,0.0071,1.0,False,S0,3
gender,categorical,0.0001,no_significant_drift,0.0556,0.8136,False,S0,3
Partner,categorical,0.0005,no_significant_drift,0.2428,0.6222,False,S0,3
Dependents,categorical,0.0,no_significant_drift,0.0065,0.9358,False,S0,3
PhoneService,categorical,0.0007,no_significant_drift,0.3721,0.5419,False,S0,3
MultipleLines,categorical,0.0076,no_significant_drift,4.7532,0.0929,False,S0,3
InternetService,categorical,0.3226,significant_drift,1.8599,0.3946,True,S0,3
OnlineSecurity,categorical,0.3778,significant_drift,2.1222,0.3461,True,S0,3
OnlineBackup,categorical,0.334,significant_drift,1.6047,0.4483,True,S0,3
DeviceProtection,categorical,0.2579,significant_drift,1.5219,0.4672,True,S0,3
TechSupport,categorical,0.3904,significant_drift,2.8901,0.2357,True,S0,3
StreamingTV,categorical,0.2302,moderate_drift,1.8089,0.4048,True,S0,3
StreamingMovies,categorical,0.2254,moderate_drift,1.8459,0.3973,True,S0,3
Contract,categorical,0.0006,no_significant_drift,0.3115,0.8558,False,S0,3
PaperlessBilling,categorical,0.1316,moderate_drift,0.0081,0.9283,True,S0,3
PaymentMethod,categorical,0.0008,no_significant_drift,0.5036,0.9181,False,S0,3
tenure,numeric,0.01,no_significant_drift,0.0286,0.6723,False,S1,3
MonthlyCharges,numeric,2.6469,significant_drift,0.3869,0.0,True,S1,3
TotalCharges,numeric,0.0133,no_significant_drift,0.029,0.6552,False,S1,3
SeniorCitizen,numeric,0.0004,no_significant_drift,0.0071,1.0,False,S1,3
gender,categorical,0.0001,no_significant_drift,0.0556,0.8136,False,S1,3
Partner,categorical,0.0005,no_significant_drift,0.2428,0.6222,False,S1,3
Dependents,categorical,0.0,no_significant_drift,0.0065,0.9358,False,S1,3
PhoneService,categorical,0.0007,no_significant_drift,0.3721,0.5419,False,S1,3
MultipleLines,categorical,0.0076,no_significant_drift,4.7532,0.0929,False,S1,3
InternetService,categorical,0.3226,significant_drift,1.8599,0.3946,True,S1,3
OnlineSecurity,categorical,0.3778,significant_drift,2.1222,0.3461,True,S1,3
OnlineBackup,categorical,0.334,significant_drift,1.6047,0.4483,True,S1,3
DeviceProtection,categorical,0.2579,significant_drift,1.5219,0.4672,True,S1,3
TechSupport,categorical,0.3904,significant_drift,2.8901,0.2357,True,S1,3
StreamingTV,categorical,0.2302,moderate_drift,1.8089,0.4048,True,S1,3
StreamingMovies,categorical,0.2254,moderate_drift,1.8459,0.3973,True,S1,3
Contract,categorical,0.0006,no_significant_drift,0.3115,0.8558,False,S1,3
PaperlessBilling,categorical,0.1316,moderate_drift,0.0081,0.9283,True,S1,3
PaymentMethod,categorical,0.0008,no_significant_drift,0.5036,0.9181,False,S1,3
tenure,numeric,0.01,no_significant_drift,0.0286,0.6723,False,S2,3
MonthlyCharges,numeric,0.022,no_significant_drift,0.0409,0.2368,False,S2,3
TotalCharges,numeric,0.0133,no_significant_drift,0.029,0.6552,False,S2,3
SeniorCitizen,numeric,0.2102,moderate_drift,0.198,0.0,True,S2,3
gender,categorical,0.0001,no_significant_drift,0.0556,0.8136,False,S2,3
Partner,categorical,0.0005,no_significant_drift,0.2428,0.6222,False,S2,3
Dependents,categorical,0.0,no_significant_drift,0.0065,0.9358,False,S2,3
PhoneService,categorical,0.0007,no_significant_drift,0.3721,0.5419,False,S2,3
MultipleLines,categorical,0.0076,no_significant_drift,4.7532,0.0929,False,S2,3
InternetService,categorical,0.3226,significant_drift,1.8599,0.3946,True,S2,3
OnlineSecurity,categorical,0.3778,significant_drift,2.1222,0.3461,True,S2,3
OnlineBackup,categorical,0.334,significant_drift,1.6047,0.4483,True,S2,3
DeviceProtection,categorical,0.2579,significant_drift,1.5219,0.4672,True,S2,3
TechSupport,categorical,0.3904,significant_drift,2.8901,0.2357,True,S2,3
StreamingTV,categorical,0.2302,moderate_drift,1.8089,0.4048,True,S2,3
StreamingMovies,categorical,0.2254,moderate_drift,1.8459,0.3973,True,S2,3
Contract,categorical,0.0006,no_significant_drift,0.3115,0.8558,False,S2,3
PaperlessBilling,categorical,0.1316,moderate_drift,0.0081,0.9283,True,S2,3
PaymentMethod,categorical,0.0008,no_significant_drift,0.5036,0.9181,False,S2,3
tenure,numeric,0.0153,no_significant_drift,0.0375,0.3333,False,S0,4
MonthlyCharges,numeric,0.0241,no_significant_drift,0.0383,0.3085,False,S0,4
TotalCharges,numeric,0.0148,no_significant_drift,0.0325,0.5084,False,S0,4
SeniorCitizen,numeric,0.0003,no_significant_drift,0.0062,1.0,False,S0,4
gender,categorical,0.0012,no_significant_drift,0.0299,0.8627,False,S0,4
Partner,categorical,0.0096,no_significant_drift,2.8679,0.0904,False,S0,4
Dependents,categorical,0.0001,no_significant_drift,0.0316,0.8588,False,S0,4
PhoneService,categorical,0.0004,no_significant_drift,0.2116,0.6455,False,S0,4
MultipleLines,categorical,0.0164,no_significant_drift,3.6705,0.1596,False,S0,4
InternetService,categorical,0.1527,moderate_drift,0.4351,0.8045,True,S0,4
OnlineSecurity,categorical,0.0471,no_significant_drift,0.3002,0.8606,False,S0,4
OnlineBackup,categorical,0.0025,no_significant_drift,1.5577,0.4589,False,S0,4
DeviceProtection,categorical,0.2781,significant_drift,0.4539,0.797,True,S0,4
TechSupport,categorical,0.3805,significant_drift,2.419,0.2983,True,S0,4
StreamingTV,categorical,0.0047,no_significant_drift,0.4008,0.8184,False,S0,4
StreamingMovies,categorical,0.2475,moderate_drift,0.254,0.8807,True,S0,4
Contract,categorical,0.0018,no_significant_drift,0.9159,0.6326,False,S0,4
PaperlessBilling,categorical,0.0006,no_significant_drift,0.3453,0.5568,False,S0,4
PaymentMethod,categorical,0.0065,no_significant_drift,3.6293,0.3044,False,S0,4
tenure,numeric,0.0153,no_significant_drift,0.0375,0.3333,False,S1,4
MonthlyCharges,numeric,2.4098,significant_drift,0.3831,0.0,True,S1,4
TotalCharges,numeric,0.0148,no_significant_drift,0.0325,0.5084,False,S1,4
SeniorCitizen,numeric,0.0003,no_significant_drift,0.0062,1.0,False,S1,4
gender,categorical,0.0012,no_significant_drift,0.0299,0.8627,False,S1,4
Partner,categorical,0.0096,no_significant_drift,2.8679,0.0904,False,S1,4
Dependents,categorical,0.0001,no_significant_drift,0.0316,0.8588,False,S1,4
PhoneService,categorical,0.0004,no_significant_drift,0.2116,0.6455,False,S1,4
MultipleLines,categorical,0.0164,no_significant_drift,3.6705,0.1596,False,S1,4
InternetService,categorical,0.1527,moderate_drift,0.4351,0.8045,True,S1,4
OnlineSecurity,categorical,0.0471,no_significant_drift,0.3002,0.8606,False,S1,4
OnlineBackup,categorical,0.0025,no_significant_drift,1.5577,0.4589,False,S1,4
DeviceProtection,categorical,0.2781,significant_drift,0.4539,0.797,True,S1,4
TechSupport,categorical,0.3805,significant_drift,2.419,0.2983,True,S1,4
StreamingTV,categorical,0.0047,no_significant_drift,0.4008,0.8184,False,S1,4
StreamingMovies,categorical,0.2475,moderate_drift,0.254,0.8807,True,S1,4
Contract,categorical,0.0018,no_significant_drift,0.9159,0.6326,False,S1,4
PaperlessBilling,categorical,0.0006,no_significant_drift,0.3453,0.5568,False,S1,4
PaymentMethod,categorical,0.0065,no_significant_drift,3.6293,0.3044,False,S1,4
tenure,numeric,0.0153,no_significant_drift,0.0375,0.3333,False,S2,4
MonthlyCharges,numeric,0.0241,no_significant_drift,0.0383,0.3085,False,S2,4
TotalCharges,numeric,0.0148,no_significant_drift,0.0325,0.5084,False,S2,4
SeniorCitizen,numeric,0.2085,moderate_drift,0.1972,0.0,True,S2,4
gender,categorical,0.0012,no_significant_drift,0.0299,0.8627,False,S2,4
Partner,categorical,0.0096,no_significant_drift,2.8679,0.0904,False,S2,4
Dependents,categorical,0.0001,no_significant_drift,0.0316,0.8588,False,S2,4
PhoneService,categorical,0.0004,no_significant_drift,0.2116,0.6455,False,S2,4
MultipleLines,categorical,0.0164,no_significant_drift,3.6705,0.1596,False,S2,4
InternetService,categorical,0.1527,moderate_drift,0.4351,0.8045,True,S2,4
OnlineSecurity,categorical,0.0471,no_significant_drift,0.3002,0.8606,False,S2,4
OnlineBackup,categorical,0.0025,no_significant_drift,1.5577,0.4589,False,S2,4
DeviceProtection,categorical,0.2781,significant_drift,0.4539,0.797,True,S2,4
TechSupport,categorical,0.3805,significant_drift,2.419,0.2983,True,S2,4
StreamingTV,categorical,0.0047,no_significant_drift,0.4008,0.8184,False,S2,4
StreamingMovies,categorical,0.2475,moderate_drift,0.254,0.8807,True,S2,4
Contract,categorical,0.0018,no_significant_drift,0.9159,0.6326,False,S2,4
PaperlessBilling,categorical,0.0006,no_significant_drift,0.3453,0.5568,False,S2,4
PaymentMethod,categorical,0.0065,no_significant_drift,3.6293,0.3044,False,S2,4
