feature,psi,shap_importance,drift_score_norm,importance_score_norm,rca_score,rca_rank,psi_only_rank,shap_only_rank,scenario,seed
InternetService,0.1274,0.4604584574699402,0.65,0.4828,0.3139,1,2,3,S0,0
StreamingMovies,0.2017,0.09686917066574097,1.0,0.1222,0.1222,2,1,11,S0,0
OnlineBackup,0.1196,0.11156638711690903,0.6133,0.1368,0.0839,3,3,9,S0,0
tenure,0.0149,0.656414270401001,0.1202,0.6772,0.0814,4,8,2,S0,0
Contract,0.0029,0.9818646311759949,0.0637,1.0,0.0637,5,13,1,S0,0
MonthlyCharges,0.0184,0.3925558030605316,0.1367,0.4155,0.0568,6,7,4,S0,0
TechSupport,0.0385,0.17802315950393677,0.2313,0.2027,0.0469,7,5,7,S0,0
TotalCharges,0.0146,0.270155668258667,0.1188,0.2941,0.0349,8,9,5,S0,0
DeviceProtection,0.1064,0.02409215271472931,0.5511,0.05,0.0276,9,4,19,S0,0
OnlineSecurity,0.0272,0.10958608239889145,0.1781,0.1348,0.024,10,6,10,S0,0
PaymentMethod,0.0053,0.24200856685638428,0.075,0.2661,0.02,11,12,6,S0,0
MultipleLines,0.0094,0.06600596010684967,0.0943,0.0916,0.0086,12,10,13,S0,0
PaperlessBilling,0.0001,0.1404784917831421,0.0505,0.1654,0.0084,13,18,8,S0,0
StreamingTV,0.007,0.0679873526096344,0.083,0.0935,0.0078,14,11,12,S0,0
PhoneService,0.0018,0.05455981194972992,0.0585,0.0802,0.0047,15,15,16,S0,0
Partner,0.0025,0.04728761687874794,0.0618,0.073,0.0045,16,14,18,S0,0
SeniorCitizen,0.0005,0.05641785264015198,0.0524,0.0821,0.0043,17,16,15,S0,0
Dependents,0.0,0.058571573346853256,0.05,0.0842,0.0042,18,19,14,S0,0
gender,0.0004,0.048398979008197784,0.0519,0.0741,0.0038,19,17,17,S0,0
MonthlyCharges,2.7033,0.3925558030605316,1.0,0.4155,0.4155,1,1,4,S1,0
Contract,0.0029,0.9818646311759949,0.051,1.0,0.051,2,13,1,S1,0
InternetService,0.1274,0.4604584574699402,0.0948,0.4828,0.0458,3,3,3,S1,0
tenure,0.0149,0.656414270401001,0.0552,0.6772,0.0374,4,8,2,S1,0
TotalCharges,0.0146,0.270155668258667,0.0551,0.2941,0.0162,5,9,5,S1,0
StreamingMovies,0.2017,0.09686917066574097,0.1209,0.1222,0.0148,6,2,11,S1,0
PaymentMethod,0.0053,0.24200856685638428,0.0519,0.2661,0.0138,7,12,6,S1,0
TechSupport,0.0385,0.17802315950393677,0.0635,0.2027,0.0129,8,6,7,S1,0
OnlineBackup,0.1196,0.11156638711690903,0.092,0.1368,0.0126,9,4,9,S1,0
PaperlessBilling,0.0001,0.1404784917831421,0.05,0.1654,0.0083,10,18,8,S1,0
OnlineSecurity,0.0272,0.10958608239889145,0.0596,0.1348,0.008,11,7,10,S1,0
StreamingTV,0.007,0.0679873526096344,0.0525,0.0935,0.0049,12,11,12,S1,0
MultipleLines,0.0094,0.06600596010684967,0.0533,0.0916,0.0049,12,10,13,S1,0
DeviceProtection,0.1064,0.02409215271472931,0.0874,0.05,0.0044,14,5,19,S1,0
Dependents,0.0,0.058571573346853256,0.05,0.0842,0.0042,15,19,14,S1,0
PhoneService,0.0018,0.05455981194972992,0.0506,0.0802,0.0041,16,15,16,S1,0
SeniorCitizen,0.0005,0.05641785264015198,0.0502,0.0821,0.0041,16,16,15,S1,0
gender,0.0004,0.048398979008197784,0.0501,0.0741,0.0037,18,17,17,S1,0
Partner,0.0025,0.04728761687874794,0.0509,0.073,0.0037,18,14,18,S1,0
InternetService,0.1274,0.4604584574699402,0.6121,0.4828,0.2956,1,3,3,S2,0
StreamingMovies,0.2017,0.09686917066574097,0.94,0.1222,0.1149,2,2,11,S2,0
SeniorCitizen,0.2153,0.05641785264015198,1.0,0.0821,0.0821,3,1,15,S2,0
OnlineBackup,0.1196,0.11156638711690903,0.5777,0.1368,0.079,4,4,9,S2,0
tenure,0.0149,0.656414270401001,0.1157,0.6772,0.0784,5,9,2,S2,0
Contract,0.0029,0.9818646311759949,0.0628,1.0,0.0628,6,14,1,S2,0
MonthlyCharges,0.0184,0.3925558030605316,0.1312,0.4155,0.0545,7,8,4,S2,0
TechSupport,0.0385,0.17802315950393677,0.2199,0.2027,0.0446,8,6,7,S2,0
TotalCharges,0.0146,0.270155668258667,0.1144,0.2941,0.0336,9,10,5,S2,0
DeviceProtection,0.1064,0.02409215271472931,0.5195,0.05,0.026,10,5,19,S2,0
OnlineSecurity,0.0272,0.10958608239889145,0.17,0.1348,0.0229,11,7,10,S2,0
PaymentMethod,0.0053,0.24200856685638428,0.0734,0.2661,0.0195,12,13,6,S2,0
MultipleLines,0.0094,0.06600596010684967,0.0915,0.0916,0.0084,13,11,13,S2,0
PaperlessBilling,0.0001,0.1404784917831421,0.0504,0.1654,0.0083,14,18,8,S2,0
StreamingTV,0.007,0.0679873526096344,0.0809,0.0935,0.0076,15,12,12,S2,0
PhoneService,0.0018,0.05455981194972992,0.0579,0.0802,0.0046,16,16,16,S2,0
Partner,0.0025,0.04728761687874794,0.061,0.073,0.0045,17,15,18,S2,0
Dependents,0.0,0.058571573346853256,0.05,0.0842,0.0042,18,19,14,S2,0
gender,0.0004,0.048398979008197784,0.0518,0.0741,0.0038,19,17,17,S2,0
InternetService,0.1294,0.4604584574699402,0.6315,0.4828,0.3049,1,2,3,S0,1
StreamingMovies,0.2114,0.09686917066574097,1.0,0.1222,0.1222,2,1,11,S0,1
tenure,0.0166,0.656414270401001,0.1246,0.6772,0.0844,3,8,2,S0,1
Contract,0.007,0.9818646311759949,0.0815,1.0,0.0815,4,11,1,S0,1
OnlineBackup,0.1213,0.11156638711690903,0.5951,0.1368,0.0814,5,3,9,S0,1
MonthlyCharges,0.0194,0.3925558030605316,0.1372,0.4155,0.057,6,7,4,S0,1
TechSupport,0.0432,0.17802315950393677,0.2441,0.2027,0.0495,7,5,7,S0,1
TotalCharges,0.0145,0.270155668258667,0.1152,0.2941,0.0339,8,9,5,S0,1
DeviceProtection,0.1134,0.02409215271472931,0.5596,0.05,0.028,9,4,19,S0,1
OnlineSecurity,0.0349,0.10958608239889145,0.2068,0.1348,0.0279,10,6,10,S0,1
PaymentMethod,0.0027,0.24200856685638428,0.0621,0.2661,0.0165,11,13,6,S0,1
MultipleLines,0.0115,0.06600596010684967,0.1017,0.0916,0.0093,12,10,13,S0,1
PaperlessBilling,0.0002,0.1404784917831421,0.0509,0.1654,0.0084,13,16,8,S0,1
StreamingTV,0.0067,0.0679873526096344,0.0801,0.0935,0.0075,14,12,12,S0,1
Dependents,0.0,0.058571573346853256,0.05,0.0842,0.0042,15,18,14,S0,1
Partner,0.0017,0.04728761687874794,0.0576,0.073,0.0042,15,14,18,S0,1
PhoneService,0.0006,0.05455981194972992,0.0527,0.0802,0.0042,15,15,16,S0,1
SeniorCitizen,0.0,0.05641785264015198,0.05,0.0821,0.0041,18,18,15,S0,1
gender,0.0001,0.048398979008197784,0.0504,0.0741,0.0037,19,17,17,S0,1
MonthlyCharges,2.5467,0.3925558030605316,1.0,0.4155,0.4155,1,1,4,S1,1
Contract,0.007,0.9818646311759949,0.0526,1.0,0.0526,2,11,1,S1,1
InternetService,0.1294,0.4604584574699402,0.0983,0.4828,0.0474,3,3,3,S1,1
tenure,0.0166,0.656414270401001,0.0562,0.6772,0.0381,4,8,2,S1,1
TotalCharges,0.0145,0.270155668258667,0.0554,0.2941,0.0163,5,9,5,S1,1
StreamingMovies,0.2114,0.09686917066574097,0.1289,0.1222,0.0157,6,2,11,S1,1
PaymentMethod,0.0027,0.24200856685638428,0.051,0.2661,0.0136,7,13,6,S1,1
TechSupport,0.0432,0.17802315950393677,0.0661,0.2027,0.0134,8,6,7,S1,1
OnlineBackup,0.1213,0.11156638711690903,0.0952,0.1368,0.013,9,4,9,S1,1
OnlineSecurity,0.0349,0.10958608239889145,0.063,0.1348,0.0085,10,7,10,S1,1
PaperlessBilling,0.0002,0.1404784917831421,0.0501,0.1654,0.0083,11,16,8,S1,1
MultipleLines,0.0115,0.06600596010684967,0.0543,0.0916,0.005,12,10,13,S1,1
StreamingTV,0.0067,0.0679873526096344,0.0525,0.0935,0.0049,13,12,12,S1,1
DeviceProtection,0.1134,0.02409215271472931,0.0923,0.05,0.0046,14,5,19,S1,1
Dependents,0.0,0.058571573346853256,0.05,0.0842,0.0042,15,18,14,S1,1
SeniorCitizen,0.0,0.05641785264015198,0.05,0.0821,0.0041,16,18,15,S1,1
PhoneService,0.0006,0.05455981194972992,0.0502,0.0802,0.004,17,15,16,S1,1
gender,0.0001,0.048398979008197784,0.05,0.0741,0.0037,18,17,17,S1,1
Partner,0.0017,0.04728761687874794,0.0506,0.073,0.0037,18,14,18,S1,1
InternetService,0.1294,0.4604584574699402,0.6075,0.4828,0.2933,1,3,3,S2,1
StreamingMovies,0.2114,0.09686917066574097,0.9608,0.1222,0.1174,2,2,11,S2,1
tenure,0.0166,0.656414270401001,0.1215,0.6772,0.0823,3,9,2,S2,1
SeniorCitizen,0.2205,0.05641785264015198,1.0,0.0821,0.0821,4,1,15,S2,1
Contract,0.007,0.9818646311759949,0.0802,1.0,0.0802,5,12,1,S2,1
OnlineBackup,0.1213,0.11156638711690903,0.5726,0.1368,0.0783,6,4,9,S2,1
MonthlyCharges,0.0194,0.3925558030605316,0.1336,0.4155,0.0555,7,8,4,S2,1
TechSupport,0.0432,0.17802315950393677,0.2361,0.2027,0.0479,8,6,7,S2,1
TotalCharges,0.0145,0.270155668258667,0.1125,0.2941,0.0331,9,10,5,S2,1
OnlineSecurity,0.0349,0.10958608239889145,0.2004,0.1348,0.027,10,7,10,S2,1
DeviceProtection,0.1134,0.02409215271472931,0.5386,0.05,0.0269,11,5,19,S2,1
PaymentMethod,0.0027,0.24200856685638428,0.0616,0.2661,0.0164,12,14,6,S2,1
MultipleLines,0.0115,0.06600596010684967,0.0995,0.0916,0.0091,13,11,13,S2,1
PaperlessBilling,0.0002,0.1404784917831421,0.0509,0.1654,0.0084,14,17,8,S2,1
StreamingTV,0.0067,0.0679873526096344,0.0789,0.0935,0.0074,15,13,12,S2,1
Dependents,0.0,0.058571573346853256,0.05,0.0842,0.0042,16,19,14,S2,1
PhoneService,0.0006,0.05455981194972992,0.0526,0.0802,0.0042,16,16,16,S2,1
Partner,0.0017,0.04728761687874794,0.0573,0.073,0.0042,16,15,18,S2,1
gender,0.0001,0.048398979008197784,0.0504,0.0741,0.0037,19,18,17,S2,1
InternetService,0.1174,0.4604584574699402,0.4924,0.4828,0.2377,1,4,3,S0,2
PaymentMethod,0.1394,0.24200856685638428,0.5753,0.2661,0.1531,2,3,6,S0,2
StreamingMovies,0.2109,0.09686917066574097,0.8447,0.1222,0.1032,3,2,11,S0,2
tenure,0.0103,0.656414270401001,0.0888,0.6772,0.0601,4,10,2,S0,2
Contract,0.0012,0.9818646311759949,0.0545,1.0,0.0545,5,15,1,S0,2
MonthlyCharges,0.0201,0.3925558030605316,0.1257,0.4155,0.0522,6,9,4,S0,2
DeviceProtection,0.2521,0.02409215271472931,1.0,0.05,0.05,7,1,19,S0,2
TechSupport,0.034,0.17802315950393677,0.1781,0.2027,0.0361,8,6,7,S0,2
OnlineBackup,0.0543,0.11156638711690903,0.2546,0.1368,0.0348,9,5,9,S0,2
TotalCharges,0.0085,0.270155668258667,0.082,0.2941,0.0241,10,11,5,S0,2
OnlineSecurity,0.0281,0.10958608239889145,0.1559,0.1348,0.021,11,7,10,S0,2
MultipleLines,0.024,0.06600596010684967,0.1404,0.0916,0.0129,12,8,13,S0,2
PaperlessBilling,0.0,0.1404784917831421,0.05,0.1654,0.0083,13,19,8,S0,2
StreamingTV,0.0045,0.0679873526096344,0.067,0.0935,0.0063,14,12,12,S0,2
PhoneService,0.0021,0.05455981194972992,0.0579,0.0802,0.0046,15,13,16,S0,2
SeniorCitizen,0.0005,0.05641785264015198,0.0519,0.0821,0.0043,16,16,15,S0,2
Dependents,0.0001,0.058571573346853256,0.0504,0.0842,0.0042,17,17,14,S0,2
Partner,0.0018,0.04728761687874794,0.0568,0.073,0.0041,18,14,18,S0,2
gender,0.0001,0.048398979008197784,0.0504,0.0741,0.0037,19,17,17,S0,2
MonthlyCharges,2.7367,0.3925558030605316,1.0,0.4155,0.4155,1,1,4,S1,2
Contract,0.0012,0.9818646311759949,0.0504,1.0,0.0504,2,15,1,S1,2
InternetService,0.1174,0.4604584574699402,0.0908,0.4828,0.0438,3,5,3,S1,2
tenure,0.0103,0.656414270401001,0.0536,0.6772,0.0363,4,10,2,S1,2
PaymentMethod,0.1394,0.24200856685638428,0.0984,0.2661,0.0262,5,4,6,S1,2
TotalCharges,0.0085,0.270155668258667,0.053,0.2941,0.0156,6,11,5,S1,2
StreamingMovies,0.2109,0.09686917066574097,0.1232,0.1222,0.0151,7,3,11,S1,2
TechSupport,0.034,0.17802315950393677,0.0618,0.2027,0.0125,8,7,7,S1,2
OnlineBackup,0.0543,0.11156638711690903,0.0688,0.1368,0.0094,9,6,9,S1,2
PaperlessBilling,0.0,0.1404784917831421,0.05,0.1654,0.0083,10,19,8,S1,2
OnlineSecurity,0.0281,0.10958608239889145,0.0598,0.1348,0.0081,11,8,10,S1,2
DeviceProtection,0.2521,0.02409215271472931,0.1375,0.05,0.0069,12,2,19,S1,2
MultipleLines,0.024,0.06600596010684967,0.0583,0.0916,0.0053,13,9,13,S1,2
StreamingTV,0.0045,0.0679873526096344,0.0516,0.0935,0.0048,14,12,12,S1,2
Dependents,0.0001,0.058571573346853256,0.05,0.0842,0.0042,15,17,14,S1,2
PhoneService,0.0021,0.05455981194972992,0.0507,0.0802,0.0041,16,13,16,S1,2
SeniorCitizen,0.0005,0.05641785264015198,0.0502,0.0821,0.0041,16,16,15,S1,2
gender,0.0001,0.048398979008197784,0.05,0.0741,0.0037,18,17,17,S1,2
Partner,0.0018,0.04728761687874794,0.0506,0.073,0.0037,18,14,18,S1,2
InternetService,0.1174,0.4604584574699402,0.4924,0.4828,0.2377,1,5,3,S2,2
PaymentMethod,0.1394,0.24200856685638428,0.5753,0.2661,0.1531,2,4,6,S2,2
StreamingMovies,0.2109,0.09686917066574097,0.8447,0.1222,0.1032,3,3,11,S2,2
SeniorCitizen,0.24,0.05641785264015198,0.9544,0.0821,0.0783,4,2,15,S2,2
tenure,0.0103,0.656414270401001,0.0888,0.6772,0.0601,5,11,2,S2,2
Contract,0.0012,0.9818646311759949,0.0545,1.0,0.0545,6,16,1,S2,2
MonthlyCharges,0.0201,0.3925558030605316,0.1257,0.4155,0.0522,7,10,4,S2,2
DeviceProtection,0.2521,0.02409215271472931,1.0,0.05,0.05,8,1,19,S2,2
TechSupport,0.034,0.17802315950393677,0.1781,0.2027,0.0361,9,7,7,S2,2
OnlineBackup,0.0543,0.11156638711690903,0.2546,0.1368,0.0348,10,6,9,S2,2
TotalCharges,0.0085,0.270155668258667,0.082,0.2941,0.0241,11,12,5,S2,2
OnlineSecurity,0.0281,0.10958608239889145,0.1559,0.1348,0.021,12,8,10,S2,2
MultipleLines,0.024,0.06600596010684967,0.1404,0.0916,0.0129,13,9,13,S2,2
PaperlessBilling,0.0,0.1404784917831421,0.05,0.1654,0.0083,14,19,8,S2,2
StreamingTV,0.0045,0.0679873526096344,0.067,0.0935,0.0063,15,13,12,S2,2
PhoneService,0.0021,0.05455981194972992,0.0579,0.0802,0.0046,16,14,16,S2,2
Dependents,0.0001,0.058571573346853256,0.0504,0.0842,0.0042,17,17,14,S2,2
Partner,0.0018,0.04728761687874794,0.0568,0.073,0.0041,18,15,18,S2,2
gender,0.0001,0.048398979008197784,0.0504,0.0741,0.0037,19,17,17,S2,2
InternetService,0.3226,0.4604584574699402,0.835,0.4828,0.4032,1,4,3,S0,3
TechSupport,0.3904,0.17802315950393677,1.0,0.2027,0.2027,2,1,7,S0,3
OnlineSecurity,0.3778,0.10958608239889145,0.9693,0.1348,0.1307,3,2,10,S0,3
OnlineBackup,0.334,0.11156638711690903,0.8628,0.1368,0.118,4,3,9,S0,3
StreamingMovies,0.2254,0.09686917066574097,0.5985,0.1222,0.0731,5,7,11,S0,3
PaperlessBilling,0.1316,0.1404784917831421,0.3702,0.1654,0.0613,6,8,8,S0,3
StreamingTV,0.2302,0.0679873526096344,0.6102,0.0935,0.0571,7,6,12,S0,3
Contract,0.0006,0.9818646311759949,0.0515,1.0,0.0515,8,15,1,S0,3
tenure,0.01,0.656414270401001,0.0743,0.6772,0.0503,9,11,2,S0,3
MonthlyCharges,0.022,0.3925558030605316,0.1035,0.4155,0.043,10,9,4,S0,3
DeviceProtection,0.2579,0.02409215271472931,0.6776,0.05,0.0339,11,5,19,S0,3
TotalCharges,0.0133,0.270155668258667,0.0824,0.2941,0.0242,12,10,5,S0,3
PaymentMethod,0.0008,0.24200856685638428,0.0519,0.2661,0.0138,13,13,6,S0,3
MultipleLines,0.0076,0.06600596010684967,0.0685,0.0916,0.0063,14,12,13,S0,3
Dependents,0.0,0.058571573346853256,0.05,0.0842,0.0042,15,19,14,S0,3
SeniorCitizen,0.0004,0.05641785264015198,0.051,0.0821,0.0042,15,17,15,S0,3
PhoneService,0.0007,0.05455981194972992,0.0517,0.0802,0.0041,17,14,16,S0,3
gender,0.0001,0.048398979008197784,0.0502,0.0741,0.0037,18,18,17,S0,3
Partner,0.0005,0.04728761687874794,0.0512,0.073,0.0037,18,16,18,S0,3
MonthlyCharges,2.6469,0.3925558030605316,1.0,0.4155,0.4155,1,1,4,S1,3
InternetService,0.3226,0.4604584574699402,0.1658,0.4828,0.08,2,5,3,S1,3
Contract,0.0006,0.9818646311759949,0.0502,1.0,0.0502,3,15,1,S1,3
TechSupport,0.3904,0.17802315950393677,0.1901,0.2027,0.0385,4,2,7,S1,3
tenure,0.01,0.656414270401001,0.0536,0.6772,0.0363,5,11,2,S1,3
OnlineSecurity,0.3778,0.10958608239889145,0.1856,0.1348,0.025,6,3,10,S1,3
OnlineBackup,0.334,0.11156638711690903,0.1699,0.1368,0.0232,7,4,9,S1,3
TotalCharges,0.0133,0.270155668258667,0.0548,0.2941,0.0161,8,10,5,S1,3
PaperlessBilling,0.1316,0.1404784917831421,0.0972,0.1654,0.0161,8,9,8,S1,3
StreamingMovies,0.2254,0.09686917066574097,0.1309,0.1222,0.016,10,8,11,S1,3
PaymentMethod,0.0008,0.24200856685638428,0.0503,0.2661,0.0134,11,13,6,S1,3
StreamingTV,0.2302,0.0679873526096344,0.1326,0.0935,0.0124,12,7,12,S1,3
DeviceProtection,0.2579,0.02409215271472931,0.1426,0.05,0.0071,13,6,19,S1,3
MultipleLines,0.0076,0.06600596010684967,0.0527,0.0916,0.0048,14,12,13,S1,3
Dependents,0.0,0.058571573346853256,0.05,0.0842,0.0042,15,19,14,S1,3
SeniorCitizen,0.0004,0.05641785264015198,0.0501,0.0821,0.0041,16,17,15,S1,3
PhoneService,0.0007,0.05455981194972992,0.0503,0.0802,0.004,17,14,16,S1,3
gender,0.0001,0.048398979008197784,0.05,0.0741,0.0037,18,18,17,S1,3
Partner,0.0005,0.04728761687874794,0.0502,0.073,0.0037,18,16,18,S1,3
InternetService,0.3226,0.4604584574699402,0.835,0.4828,0.4032,1,4,3,S2,3
TechSupport,0.3904,0.17802315950393677,1.0,0.2027,0.2027,2,1,7,S2,3
OnlineSecurity,0.3778,0.10958608239889145,0.9693,0.1348,0.1307,3,2,10,S2,3
OnlineBackup,0.334,0.11156638711690903,0.8628,0.1368,0.118,4,3,9,S2,3
StreamingMovies,0.2254,0.09686917066574097,0.5985,0.1222,0.0731,5,7,11,S2,3
PaperlessBilling,0.1316,0.1404784917831421,0.3702,0.1654,0.0613,6,9,8,S2,3
StreamingTV,0.2302,0.0679873526096344,0.6102,0.0935,0.0571,7,6,12,S2,3
Contract,0.0006,0.9818646311759949,0.0515,1.0,0.0515,8,16,1,S2,3
tenure,0.01,0.656414270401001,0.0743,0.6772,0.0503,9,12,2,S2,3
SeniorCitizen,0.2102,0.05641785264015198,0.5615,0.0821,0.0461,10,8,15,S2,3
MonthlyCharges,0.022,0.3925558030605316,0.1035,0.4155,0.043,11,10,4,S2,3
DeviceProtection,0.2579,0.02409215271472931,0.6776,0.05,0.0339,12,5,19,S2,3
TotalCharges,0.0133,0.270155668258667,0.0824,0.2941,0.0242,13,11,5,S2,3
PaymentMethod,0.0008,0.24200856685638428,0.0519,0.2661,0.0138,14,14,6,S2,3
MultipleLines,0.0076,0.06600596010684967,0.0685,0.0916,0.0063,15,13,13,S2,3
Dependents,0.0,0.058571573346853256,0.05,0.0842,0.0042,16,19,14,S2,3
PhoneService,0.0007,0.05455981194972992,0.0517,0.0802,0.0041,17,15,16,S2,3
gender,0.0001,0.048398979008197784,0.0502,0.0741,0.0037,18,18,17,S2,3
Partner,0.0005,0.04728761687874794,0.0512,0.073,0.0037,18,17,18,S2,3
InternetService,0.1527,0.4604584574699402,0.4311,0.4828,0.2081,1,4,3,S0,4
TechSupport,0.3805,0.17802315950393677,1.0,0.2027,0.2027,2,1,7,S0,4
StreamingMovies,0.2475,0.09686917066574097,0.6678,0.1222,0.0816,3,3,11,S0,4
tenure,0.0153,0.656414270401001,0.088,0.6772,0.0596,4,8,2,S0,4
Contract,0.0018,0.9818646311759949,0.0542,1.0,0.0542,5,14,1,S0,4
MonthlyCharges,0.0241,0.3925558030605316,0.1099,0.4155,0.0457,6,6,4,S0,4
DeviceProtection,0.2781,0.02409215271472931,0.7443,0.05,0.0372,7,2,19,S0,4
TotalCharges,0.0148,0.270155668258667,0.0867,0.2941,0.0255,8,9,5,S0,4
OnlineSecurity,0.0471,0.10958608239889145,0.1674,0.1348,0.0226,9,5,10,S0,4
PaymentMethod,0.0065,0.24200856685638428,0.066,0.2661,0.0176,10,11,6,S0,4
PaperlessBilling,0.0006,0.1404784917831421,0.0512,0.1654,0.0085,11,16,8,S0,4
MultipleLines,0.0164,0.06600596010684967,0.0907,0.0916,0.0083,12,7,13,S0,4
OnlineBackup,0.0025,0.11156638711690903,0.056,0.1368,0.0077,13,13,9,S0,4
StreamingTV,0.0047,0.0679873526096344,0.0615,0.0935,0.0058,14,12,12,S0,4
Partner,0.0096,0.04728761687874794,0.0737,0.073,0.0054,15,10,18,S0,4
Dependents,0.0001,0.058571573346853256,0.05,0.0842,0.0042,16,19,14,S0,4
SeniorCitizen,0.0003,0.05641785264015198,0.0505,0.0821,0.0041,17,18,15,S0,4
PhoneService,0.0004,0.05455981194972992,0.0507,0.0802,0.0041,17,17,16,S0,4
gender,0.0012,0.048398979008197784,0.0527,0.0741,0.0039,19,15,17,S0,4
MonthlyCharges,2.4098,0.3925558030605316,1.0,0.4155,0.4155,1,1,4,S1,4
InternetService,0.1527,0.4604584574699402,0.1102,0.4828,0.0532,2,5,3,S1,4
Contract,0.0018,0.9818646311759949,0.0507,1.0,0.0507,3,14,1,S1,4
TechSupport,0.3805,0.17802315950393677,0.2,0.2027,0.0405,4,2,7,S1,4
tenure,0.0153,0.656414270401001,0.056,0.6772,0.0379,5,8,2,S1,4
StreamingMovies,0.2475,0.09686917066574097,0.1475,0.1222,0.018,6,4,11,S1,4
TotalCharges,0.0148,0.270155668258667,0.0558,0.2941,0.0164,7,9,5,S1,4
PaymentMethod,0.0065,0.24200856685638428,0.0525,0.2661,0.014,8,11,6,S1,4
OnlineSecurity,0.0471,0.10958608239889145,0.0685,0.1348,0.0092,9,6,10,S1,4
PaperlessBilling,0.0006,0.1404784917831421,0.0502,0.1654,0.0083,10,16,8,S1,4
DeviceProtection,0.2781,0.02409215271472931,0.1596,0.05,0.008,11,3,19,S1,4
OnlineBackup,0.0025,0.11156638711690903,0.0509,0.1368,0.007,12,13,9,S1,4
MultipleLines,0.0164,0.06600596010684967,0.0564,0.0916,0.0052,13,7,13,S1,4
StreamingTV,0.0047,0.0679873526096344,0.0518,0.0935,0.0048,14,12,12,S1,4
Dependents,0.0001,0.058571573346853256,0.05,0.0842,0.0042,15,19,14,S1,4
SeniorCitizen,0.0003,0.05641785264015198,0.0501,0.0821,0.0041,16,18,15,S1,4
PhoneService,0.0004,0.05455981194972992,0.0501,0.0802,0.004,17,17,16,S1,4
Partner,0.0096,0.04728761687874794,0.0537,0.073,0.0039,18,10,18,S1,4
gender,0.0012,0.048398979008197784,0.0504,0.0741,0.0037,19,15,17,S1,4
InternetService,0.1527,0.4604584574699402,0.4311,0.4828,0.2081,1,5,3,S2,4
TechSupport,0.3805,0.17802315950393677,1.0,0.2027,0.2027,2,1,7,S2,4
StreamingMovies,0.2475,0.09686917066574097,0.6678,0.1222,0.0816,3,3,11,S2,4
tenure,0.0153,0.656414270401001,0.088,0.6772,0.0596,4,9,2,S2,4
Contract,0.0018,0.9818646311759949,0.0542,1.0,0.0542,5,15,1,S2,4
SeniorCitizen,0.2085,0.05641785264015198,0.5705,0.0821,0.0468,6,4,15,S2,4
MonthlyCharges,0.0241,0.3925558030605316,0.1099,0.4155,0.0457,7,7,4,S2,4
DeviceProtection,0.2781,0.02409215271472931,0.7443,0.05,0.0372,8,2,19,S2,4
TotalCharges,0.0148,0.270155668258667,0.0867,0.2941,0.0255,9,10,5,S2,4
OnlineSecurity,0.0471,0.10958608239889145,0.1674,0.1348,0.0226,10,6,10,S2,4
PaymentMethod,0.0065,0.24200856685638428,0.066,0.2661,0.0176,11,12,6,S2,4
PaperlessBilling,0.0006,0.1404784917831421,0.0512,0.1654,0.0085,12,17,8,S2,4
MultipleLines,0.0164,0.06600596010684967,0.0907,0.0916,0.0083,13,8,13,S2,4
OnlineBackup,0.0025,0.11156638711690903,0.056,0.1368,0.0077,14,14,9,S2,4
StreamingTV,0.0047,0.0679873526096344,0.0615,0.0935,0.0058,15,13,12,S2,4
Partner,0.0096,0.04728761687874794,0.0737,0.073,0.0054,16,11,18,S2,4
Dependents,0.0001,0.058571573346853256,0.05,0.0842,0.0042,17,19,14,S2,4
PhoneService,0.0004,0.05455981194972992,0.0507,0.0802,0.0041,18,18,16,S2,4
gender,0.0012,0.048398979008197784,0.0527,0.0741,0.0039,19,16,17,S2,4
